batch,Total GVT Computations,Total All Reduce Calls,Average Reduction / GVT,total events processes,events rolled back,efficiency,total remote network events processed,percent remote events,total rollbacks,primary rollbacks,secondary roll backs,fossil collect attempts,net events processed,remote sends,remote recvs
2,100,303,3.03,206846,26857,85.078533,13629,7.572129,3334,1034,2300,100,179989,17447,17200
2,100,300,3.00,204800,29740,83.011539,21675,12.381469,4592,1445,3147,100,175060,28625,29925
2,100,300,3.00,204800,53037,65.052747,25316,16.681273,10757,4058,6699,100,151763,41550,38789
2,100,300,3.00,204800,52588,65.450819,27139,17.829737,13456,6401,7055,100,152212,44765,43837
2,100,300,3.00,204800,56216,62.165509,25973,17.480348,15566,7633,7933,100,148584,44769,44458
2,100,300,3.00,204800,47575,69.740817,27495,17.487677,13994,7038,6956,100,157225,43065,43913
2,100,300,3.00,204800,51306,66.574589,27151,17.688639,14915,7460,7455,100,153494,44435,44733
2,100,300,3.00,204800,51078,66.772485,26973,17.546610,15681,8166,7515,100,153722,43599,43350
2,100,300,3.00,204800,53949,64.236896,25917,17.180529,16519,8528,7991,100,150851,42853,40866
2,100,300,3.00,204800,51786,66.156038,25494,16.661221,16617,8732,7885,100,153014,41148,40907
2,100,300,3.00,204800,37991,77.224850,26879,16.113639,13137,7469,5668,100,166809,38401,39794
2,100,300,3.00,204800,42179,74.063005,27309,16.793034,13959,7673,6286,100,162621,40035,40520
2,100,300,3.00,204800,45808,71.188487,27912,17.555600,15527,8243,7284,100,158992,42466,42793
2,100,300,3.00,204800,51923,66.036094,28784,18.828208,16966,8160,8806,100,152877,45004,44051
2,100,300,3.00,204800,47686,69.648790,29963,19.070866,16240,8085,8155,100,157114,45663,45820
2,100,300,3.00,204800,52405,65.612389,28121,18.452705,18550,9266,9284,100,152395,44959,44205
2,100,300,3.00,204800,49389,68.220396,26586,17.106897,17337,8250,9087,100,155411,41572,41468
2,100,300,3.00,204800,58753,59.771170,22095,15.128691,20623,9774,10849,100,146047,38221,39458
2,100,300,3.00,204800,113194,-23.566142,12785,13.956509,35478,12271,23207,100,91606,46057,42227
2,100,303,3.03,206846,16682,91.227572,16166,8.501083,2217,839,1378,100,190164,18774,18871
2,100,300,3.00,204800,43331,73.164508,21908,13.567929,7569,2921,4648,100,161469,33174,31647
2,100,300,3.00,204800,47829,69.530041,28265,18.006511,9521,3609,5912,100,156971,44121,44134
2,100,300,3.00,204800,52389,65.626497,29949,19.650156,12866,5818,7048,100,152411,49281,48831
2,100,300,3.00,204800,54427,63.805337,28486,18.943560,13785,6419,7366,100,150373,48448,49598
2,100,300,3.00,204800,48864,68.664067,29524,18.933409,13457,6760,6697,100,155936,47402,47659
2,100,300,3.00,204800,53759,64.407677,29466,19.508610,13234,6297,6937,100,151041,49614,49256
2,100,300,3.00,204800,48902,68.632054,29826,19.131740,12957,6478,6479,100,155898,47792,47168
2,100,300,3.00,204800,48807,68.712058,28779,18.448905,12725,6223,6502,100,155993,46257,45997
2,100,300,3.00,204800,50175,67.550525,28234,18.259660,13058,6612,6446,100,154625,46672,44145
2,100,300,3.00,204800,40560,75.304433,29275,17.824525,12440,6652,5788,100,164240,42905,42970
2,100,300,3.00,204800,43221,73.250856,29827,18.459701,12949,6748,6201,100,161579,44629,44382
2,100,300,3.00,204800,48596,68.889401,30506,19.529590,13281,6727,6554,100,156204,48172,47358
2,100,300,3.00,204800,55696,62.646207,30479,20.441437,16117,7717,8400,100,149104,50955,49540
2,100,300,3.00,204800,52696,65.355283,31586,20.766055,16253,8292,7961,100,152104,51974,49077
2,100,300,3.00,204800,54393,63.836125,30291,20.139355,15259,7457,7802,100,150407,51421,49263
2,100,300,3.00,204800,52557,65.478216,27856,18.297065,15098,7347,7751,100,152243,47368,45081
2,100,300,3.00,204800,62390,56.189874,23528,16.521312,18937,8835,10102,100,142410,43500,42737
2,100,300,3.00,204800,98888,6.631921,15712,14.834957,29276,10454,18822,100,105912,45696,43879
2,100,303,3.03,206846,19572,89.549003,17309,9.242607,2622,993,1629,100,187274,20981,19881
2,100,300,3.00,204800,35478,79.047023,22522,13.301284,5120,1776,3344,100,169322,31176,32889
2,100,300,3.00,204800,49770,67.896536,28778,18.562859,8988,3431,5557,100,155030,45368,45293
2,100,300,3.00,204800,52989,65.095415,29904,19.698177,13263,6037,7226,100,151811,48834,48998
2,100,300,3.00,204800,55243,63.062244,29199,19.523660,13935,6420,7515,100,149557,49041,50211
2,100,300,3.00,204800,50718,67.083761,30230,19.619423,13641,6717,6924,100,154082,48672,49794
2,100,300,3.00,204800,55602,62.732744,29558,19.811258,14063,6670,7393,100,149198,50670,51263
2,100,300,3.00,204800,49451,68.167803,30162,19.415638,13513,6799,6714,100,155349,48282,48758
2,100,300,3.00,204800,47256,70.004570,29146,18.500229,12796,6193,6603,100,157544,44704,46802
2,100,300,3.00,204800,48079,69.321916,28833,18.397662,12721,6106,6615,100,156721,44853,46233
2,100,300,3.00,204800,41635,74.482885,29666,18.181595,12582,6556,6026,100,163165,42796,44066
2,100,300,3.00,204800,42071,74.146587,30387,18.673377,12530,6389,6141,100,162729,43913,44974
2,100,300,3.00,204800,46935,70.268901,30682,19.435594,12942,6233,6709,100,157865,46964,48232
2,100,300,3.00,204800,52525,65.506485,30910,20.298802,14039,6325,7714,100,152275,50028,53148
2,100,300,3.00,204800,47916,69.457688,32554,20.750363,11986,5673,6313,100,156884,50268,55096
2,100,300,3.00,204800,46878,70.315725,31815,20.146021,11586,5335,6251,100,157922,49299,53529
2,100,300,3.00,204800,46245,70.833465,29787,18.786541,11724,5430,6294,100,158555,46009,50692
2,100,300,3.00,204800,45758,71.228984,28113,17.676463,13142,5954,7188,100,159042,43453,45891
2,100,300,3.00,204800,63092,55.477461,23529,16.603861,16443,5773,10670,100,141708,43675,45968
2,100,303,3.03,206846,17152,90.958069,18428,9.714593,2427,912,1515,100,189694,21582,22761
2,100,300,3.00,204800,37564,77.538329,24098,14.409577,6167,2358,3809,100,167236,34208,32940
2,100,300,3.00,204800,52011,65.958937,28881,18.902539,9193,3241,5952,100,152789,47377,48893
2,100,300,3.00,204800,50046,67.660933,32187,20.798816,9631,3795,5836,100,154754,52219,52719
2,100,300,3.00,204800,55217,63.086046,31540,21.085284,9570,3984,5586,100,149583,55080,53978
2,100,300,3.00,204800,50558,67.221639,31918,20.693456,9875,4612,5263,100,154242,53324,52247
2,100,300,3.00,204800,53123,64.976232,31042,20.465858,11311,5040,6271,100,151677,52522,53086
2,100,300,3.00,204800,49896,67.789082,31098,20.075660,9508,4248,5260,100,154904,51822,51281
2,100,300,3.00,204800,49941,67.750664,30071,19.418310,9904,4621,5283,100,154859,49181,49462
2,100,300,3.00,204800,46356,70.742975,30218,19.071723,9547,4450,5097,100,158444,47608,48569
2,100,300,3.00,204800,43170,73.290849,31345,19.393058,10144,5242,4902,100,161630,47497,46430
2,100,300,3.00,204800,44917,71.906332,31639,19.788846,9745,4780,4965,100,159883,48575,47697
2,100,300,3.00,204800,47265,69.997143,32580,20.681118,9961,4784,5177,100,157535,50892,51134
2,100,300,3.00,204800,53940,64.244995,32350,21.443723,9227,4277,4950,100,150860,54528,54147
2,100,300,3.00,204800,51336,66.548506,33404,21.766668,11134,5539,5595,100,153464,55742,53745
2,100,300,3.00,204800,55079,63.212241,31495,21.035793,12021,5814,6207,100,149721,54707,51739
2,100,300,3.00,204800,51662,66.264415,31056,20.279748,10807,5325,5482,100,153138,52694,48957
2,100,300,3.00,204800,45404,71.514969,30462,19.110894,9120,4121,4999,100,159396,48434,44333
2,100,300,3.00,204800,64018,54.526857,26221,18.625250,9322,3940,5382,100,140782,51655,55478
2,100,303,3.03,206846,27533,84.645285,17424,9.717087,3459,1101,2358,100,179313,22736,22290
2,100,300,3.00,204800,27888,84.236230,24382,13.781993,4940,2153,2787,100,176912,31430,32772
2,100,300,3.00,204800,51737,66.198885,28727,18.768089,11798,4922,6876,100,153063,46405,46858
2,100,300,3.00,204800,51744,66.192766,31617,20.657145,13653,6354,7299,100,153056,51727,51866
2,100,300,3.00,204800,56068,62.302665,29983,20.159078,14970,7085,7885,100,148732,51793,52727
2,100,300,3.00,204800,47735,69.608124,31613,20.127336,13513,6731,6782,100,157065,49959,51841
2,100,300,3.00,204800,53733,64.431014,31087,20.578286,14994,7588,7406,100,151067,52741,51363
2,100,300,3.00,204800,49606,68.036135,30675,19.765584,14443,7453,6990,100,155194,49791,49929
2,100,300,3.00,204800,47545,69.765667,30585,19.449302,13311,6850,6461,100,157255,48797,47548
2,100,300,3.00,204800,46762,70.410914,30183,19.098571,13488,6728,6760,100,158038,47455,48264
2,100,300,3.00,204800,41397,74.665704,31347,19.183858,12859,6967,5892,100,163403,46413,45717
2,100,300,3.00,204800,46471,70.649091,31536,19.918019,14613,7923,6690,100,158329,49006,47580
2,100,300,3.00,204800,48698,68.803731,31825,20.387311,14141,7103,7038,100,156102,50965,51365
2,100,300,3.00,204800,56393,62.001119,31721,21.374329,15883,7414,8469,100,148407,55363,55213
2,100,300,3.00,204800,47725,69.616425,33720,21.467452,14182,7006,7176,100,157075,54560,53962
2,100,300,3.00,204800,49530,68.100728,32628,21.013718,14995,7179,7816,100,155270,53124,52733
2,100,300,3.00,204800,47259,70.002095,31605,20.061444,11891,5393,6498,100,157541,51127,51613
2,100,300,3.00,204800,46172,70.892907,29783,18.775374,12405,5775,6630,100,158628,47643,47497
2,100,300,3.00,204800,68535,49.704620,24589,18.044986,15094,6195,8899,100,136265,52155,55161
2,100,303,3.03,206846,21763,88.241492,17288,9.340674,2838,999,1839,100,185083,21060,21644
2,100,300,3.00,204800,32018,81.469135,23247,13.454527,5568,2210,3358,100,172782,31317,32486
2,100,300,3.00,204800,53998,64.192783,28183,18.688744,11393,4252,7141,100,150802,46647,47257
2,100,300,3.00,204800,50896,66.930034,31256,20.308764,13983,6601,7382,100,153904,50796,50252
2,100,300,3.00,204800,56721,61.695446,28878,19.501752,15229,7138,8091,100,148079,50318,50216
2,100,300,3.00,204800,50564,67.216473,30809,19.975233,14459,7475,6984,100,154236,50553,49438
2,100,300,3.00,204800,53327,64.794386,30343,20.031953,14510,6996,7514,100,151473,51227,50906
2,100,300,3.00,204800,47016,70.202302,30254,19.174314,12899,6493,6406,100,157784,47776,49751
2,100,300,3.00,204800,48644,68.849100,29034,18.592946,14292,6998,7294,100,156156,46058,47976
2,100,300,3.00,204800,52246,65.752455,29442,19.299396,15480,8029,7451,100,152554,48872,45904
2,100,300,3.00,204800,41598,74.511342,30957,18.968518,12657,6917,5740,100,163202,46651,44257
2,100,300,3.00,204800,39314,76.243308,31051,18.763521,11885,6373,5512,100,165486,45013,45903
2,100,300,3.00,204800,45405,71.514163,31319,19.648672,13776,7083,6693,100,159395,47893,48947
2,100,300,3.00,204800,53652,64.503665,31381,20.761770,15890,7699,8191,100,151148,51339,52746
2,100,300,3.00,204800,47495,69.807063,33405,21.235816,14398,7092,7306,100,157305,51855,53245
2,100,300,3.00,204800,49920,67.768595,31838,20.556560,15650,7677,7973,100,154880,50958,51581
2,100,300,3.00,204800,49032,68.522418,30049,19.290868,16366,8033,8333,100,155768,47439,47756
2,100,300,3.00,204800,45290,71.606796,29093,18.238982,13920,6814,7106,100,159510,45983,43637
2,100,300,3.00,204800,65257,53.235203,22582,16.182825,18183,6003,12180,100,139543,43964,42147
2,100,303,3.03,206846,20654,88.907150,16239,8.721642,2562,916,1646,100,186192,19841,19561
2,100,300,3.00,204800,33191,80.658940,22998,13.401395,6063,2437,3626,100,171609,31676,30666
2,100,300,3.00,204800,52901,65.173569,27420,18.051468,11874,4776,7098,100,151899,44922,45065
2,100,300,3.00,204800,50684,67.113084,30326,19.677386,13539,6302,7237,100,154116,49336,49378
2,100,300,3.00,204800,58565,59.951448,28577,19.541833,16389,7805,8584,100,146235,50059,49091
2,100,300,3.00,204800,51744,66.192766,29717,19.415769,15263,7462,7801,100,153056,48771,48536
2,100,300,3.00,204800,50173,67.552239,29351,18.981808,14460,7062,7398,100,154627,47465,50395
2,100,300,3.00,204800,49410,68.202587,29364,18.896969,14624,7378,7246,100,155390,47130,47611
2,100,300,3.00,204800,52389,65.626497,27990,18.364816,15294,7490,7804,100,152411,46662,46727
2,100,300,3.00,204800,47489,69.812028,27980,17.786423,13885,6752,7133,100,157311,44016,46749
2,100,300,3.00,204800,41001,74.968712,29436,17.970806,13353,7020,6333,100,163799,42584,44289
2,100,300,3.00,204800,40545,75.315820,29644,18.047548,13319,6848,6471,100,164255,42608,44679
2,100,300,3.00,204800,46806,70.374824,30389,19.234275,15457,7774,7683,100,157994,46329,47275
2,100,300,3.00,204800,56350,62.041091,30866,20.792186,16680,7597,9083,100,148450,52498,50816
2,100,300,3.00,204800,50724,67.078585,32184,20.888393,16264,7835,8429,100,154076,51800,51626
2,100,300,3.00,204800,49835,67.841125,30884,19.929662,15395,7258,8137,100,154965,49342,51553
2,100,300,3.00,204800,49931,67.759203,29454,19.018654,16002,7432,8570,100,154869,47218,48316
2,100,300,3.00,204800,45745,71.239508,26747,16.816196,14243,6557,7686,100,159055,42145,44605
2,100,300,3.00,204800,73287,44.273950,20031,15.231194,21167,7460,13707,100,131513,41843,40504
2,100,303,3.03,206846,13768,92.869203,14408,7.462269,1875,682,1193,100,193078,16612,16825
2,100,300,3.00,204800,40222,75.560524,20718,12.588560,6912,2545,4367,100,164578,30226,28507
2,100,300,3.00,204800,54866,63.406566,24589,16.399883,12109,4463,7646,100,149934,41039,41140
2,100,300,3.00,204800,48554,68.924644,28072,17.966540,12902,5696,7206,100,156246,44236,45313
2,100,300,3.00,204800,55098,63.194880,26482,17.689810,15114,7117,7997,100,149702,45202,44431
2,100,300,3.00,204800,50539,67.237993,27492,17.821744,14686,7404,7282,100,154261,44916,43234
2,100,300,3.00,204800,53694,64.466004,26769,17.715379,15275,7617,7658,100,151106,45279,42951
2,100,300,3.00,204800,51554,66.358665,26937,17.577620,14996,7715,7281,100,153246,44241,42585
2,100,300,3.00,204800,48711,68.792804,25886,16.584128,14109,7010,7099,100,156089,41696,40830
2,100,300,3.00,204800,48759,68.752443,25336,16.236758,14690,7591,7099,100,156041,40314,40167
2,100,300,3.00,204800,41604,74.506728,26481,16.226501,13110,7079,6031,100,163196,39499,39223
2,100,300,3.00,204800,45151,71.718583,26612,16.669068,14915,7965,6950,100,159649,40712,38756
2,100,300,3.00,204800,47886,69.482647,27905,17.783627,15915,8440,7475,100,156914,43573,40150
2,100,300,3.00,204800,49425,68.189863,28430,18.297667,15736,7599,8137,100,155375,44604,44658
2,100,300,3.00,204800,47847,69.515078,30119,19.189821,15858,8152,7706,100,156953,47535,46826
2,100,300,3.00,204800,48276,69.157446,30244,19.322276,15863,7939,7924,100,156524,47846,47053
2,100,300,3.00,204800,45616,71.343854,27935,17.548874,15341,7744,7597,100,159184,43001,42545
2,100,300,3.00,204800,49517,68.111770,24515,15.787304,16832,8333,8499,100,155283,39179,40400
2,100,300,3.00,204800,89584,22.246910,16134,14.003263,26703,9623,17080,100,115216,41754,41435
4,100,303,3.03,413692,63799,81.766140,34524,9.867016,6433,1735,4698,100,349893,47590,48190
4,100,302,3.02,409600,117204,59.916004,50279,17.195516,23805,9767,14038,100,292396,88223,85392
4,100,300,3.00,409600,108541,63.946934,52674,17.496238,30286,14727,15559,100,301059,88536,89707
4,100,300,3.00,409600,98759,68.228451,54791,17.626697,29419,15094,14325,100,310841,87371,88090
4,100,300,3.00,409600,104073,65.936562,51807,16.956603,32484,17061,15423,100,305527,84143,83111
4,100,300,3.00,409600,86261,73.321808,53083,16.417135,27302,14651,12651,100,323339,79827,81779
4,100,300,3.00,409600,95188,69.725074,56660,18.020941,30516,15357,15159,100,314412,87362,87143
4,100,300,3.00,409600,105408,65.348201,57382,18.863744,35719,17424,18295,100,304192,92126,91879
4,100,300,3.00,409600,117642,59.705848,48376,16.569507,37731,17482,20249,100,291958,83190,83774
4,100,299,2.99,281261,151737,-17.149717,18054,13.938730,46846,15872,30974,100,129524,61400,64253
4,100,303,3.03,413692,67871,80.373951,37087,10.724334,10670,3827,6843,100,345821,52835,51613
4,100,302,3.02,409600,111418,62.634230,56007,18.782824,24645,9981,14664,100,298182,94149,94829
4,100,300,3.00,409600,108004,64.189180,57114,18.937254,28862,14081,14781,100,301596,96758,97835
4,100,300,3.00,409600,98986,68.132151,59945,19.298873,27406,14433,12973,100,310614,96689,95465
4,100,300,3.00,409600,97127,68.916674,57539,18.414071,27743,14544,13199,100,312473,92551,90099
4,100,300,3.00,409600,89661,71.975595,57809,18.068757,28469,15381,13088,100,319939,88037,87242
4,100,300,3.00,409600,101182,67.193225,61242,19.856818,30953,16083,14870,100,308418,98140,94806
4,100,300,3.00,409600,113053,61.876869,60959,20.556269,33958,16961,16997,100,296547,104933,99304
4,100,300,3.00,409600,124145,56.509783,50929,17.841341,35269,16289,18980,100,285455,94685,90720
4,100,299,2.99,327329,181477,-24.425445,22025,15.100924,40453,14049,26404,100,145852,74187,67949
4,100,303,3.03,413692,63464,81.879233,38769,11.069646,9896,3600,6296,100,350228,52865,53844
4,100,302,3.02,409600,113236,61.791581,56419,19.037063,25715,11014,14701,100,296364,94509,95974
4,100,300,3.00,409600,109993,63.287573,58637,19.571305,28627,13643,14984,100,299607,98371,100935
4,100,300,3.00,409600,102455,66.642791,60341,19.645770,28400,14283,14117,100,307145,97811,100745
4,100,300,3.00,409600,93288,70.507600,58495,18.492817,26317,13181,13136,100,316312,89791,93795
4,100,300,3.00,409600,89554,72.018397,58841,18.385170,25872,13244,12628,100,320046,87541,91016
4,100,300,3.00,409600,97072,68.939743,61739,19.754710,27774,13576,14198,100,312528,95755,101334
4,100,300,3.00,409600,100891,67.318413,63400,20.537140,24496,11704,12792,100,308709,101954,111584
4,100,300,3.00,409600,106540,64.845245,56003,18.479179,28280,12587,15693,100,303060,91757,101844
4,100,299,2.99,324657,137531,26.503532,30974,16.552483,28495,9047,19448,100,187126,70536,70887
4,100,303,3.03,413692,62873,82.078223,41409,11.803523,8413,2780,5633,100,350819,56969,56970
4,100,302,3.02,409600,112772,62.007627,58620,19.748811,19531,7582,11949,100,296828,100918,103354
4,100,300,3.00,409600,109423,63.547174,62818,20.926986,22285,10048,12237,100,300177,108612,108102
4,100,300,3.00,409600,100542,67.468242,62812,20.323693,22733,11391,11342,100,309058,103384,104322
4,100,300,3.00,409600,94395,70.052823,60798,19.288400,22525,11492,11033,100,315205,96392,97785
4,100,300,3.00,409600,94458,70.026845,61641,19.559754,24235,12747,11488,100,315142,96769,95309
4,100,300,3.00,409600,97701,68.675437,65225,20.912218,22156,11525,10631,100,311899,104223,104044
4,100,300,3.00,409600,112449,62.157624,63705,21.438595,27499,13589,13910,100,297151,112037,107689
4,100,300,3.00,409600,113675,61.586551,59054,19.955732,26038,12397,13641,100,295925,105296,97002
4,100,299,2.99,292000,106348,42.716480,34494,18.579924,18877,6263,12614,100,185652,71940,84059
4,100,303,3.03,413692,63931,81.721518,40694,11.634802,9860,3700,6160,100,349761,55378,56306
4,100,302,3.02,409600,113263,61.778988,58163,19.627316,25004,10611,14393,100,296337,99927,100820
4,100,300,3.00,409600,108265,64.071548,60696,20.142366,25180,11499,13681,100,301335,103710,105578
4,100,300,3.00,409600,100688,67.405604,62449,20.215790,25139,12763,12376,100,308912,103329,100927
4,100,300,3.00,409600,92705,70.745831,61177,19.305133,21869,10952,10917,100,316895,96627,95801
4,100,300,3.00,409600,92942,70.649091,61676,19.477165,23798,12267,11531,100,316658,96260,94247
4,100,300,3.00,409600,102304,66.708320,63769,20.751653,22768,11909,10859,100,307296,105285,105217
4,100,300,3.00,409600,104334,65.821939,64998,21.292250,22122,11351,10771,100,305266,110154,108964
4,100,300,3.00,409600,106874,64.696128,59617,19.693386,18177,9135,9042,100,302726,103123,103295
4,100,299,2.99,307092,127184,29.306090,32611,18.126487,17335,7955,9380,100,179908,86557,88905
4,100,303,3.03,413692,61460,82.551273,39588,11.239183,8520,2796,5724,100,352232,53620,55569
4,100,302,3.02,409600,116402,60.299183,56988,19.436695,24550,9937,14613,100,293198,99396,98407
4,100,300,3.00,409600,111176,62.745624,58890,19.733668,29531,14686,14845,100,298424,102228,100087
4,100,300,3.00,409600,97984,68.556172,61259,19.658490,26088,13301,12787,100,311616,98537,99593
4,100,300,3.00,409600,98021,68.540563,58962,18.923612,27230,13975,13255,100,311579,95122,93033
4,100,300,3.00,409600,87826,72.705688,60779,18.888723,25476,13485,11991,100,321774,92983,89953
4,100,300,3.00,409600,95901,69.428975,62860,20.038317,26594,13483,13111,100,313699,98528,100338
4,100,300,3.00,409600,102804,66.491089,64251,20.942581,29177,14091,15086,100,306796,104489,106211
4,100,300,3.00,409600,110645,62.989413,56911,19.036644,29435,13599,15836,100,298955,97785,96013
4,100,299,2.99,302669,117723,36.347366,30598,16.544289,27267,8313,18954,100,184946,71534,64304
4,100,303,3.03,413692,61461,82.550940,38394,10.900233,9523,3478,6045,100,352231,52376,51253
4,100,302,3.02,409600,114369,61.261182,55371,18.755144,23457,9549,13908,100,295231,96619,95299
4,100,300,3.00,409600,114374,61.258832,57522,19.484056,27551,12941,14610,100,295226,100298,98688
4,100,300,3.00,409600,96981,68.977893,59360,18.987969,24786,12479,12307,100,312619,94868,97772
4,100,300,3.00,409600,98189,68.469643,56432,18.121389,24999,12006,12993,100,311411,91014,93305
4,100,300,3.00,409600,87388,72.878726,57766,17.927948,22839,11481,11358,100,322212,86708,90424
4,100,300,3.00,409600,99885,67.749382,61517,19.862454,26663,12908,13755,100,309715,98525,97756
4,100,300,3.00,409600,106997,64.641130,61973,20.479969,27115,12386,14729,100,302603,103825,104941
4,100,300,3.00,409600,110689,62.969245,54856,18.351951,26343,11822,14521,100,298911,95276,97875
4,100,299,2.99,295765,119201,32.488503,27185,15.396683,29968,9798,20170,100,176564,63865,61409
4,100,303,3.03,413692,61423,82.563609,34378,9.759019,8894,2758,6136,100,352269,48370,46258
4,100,302,3.02,409600,115461,60.746110,50375,17.126257,22077,8223,13854,100,294139,87473,87139
4,100,300,3.00,409600,109133,63.678873,53272,17.729734,29027,13812,15215,100,300467,90776,88357
4,100,300,3.00,409600,101823,66.916631,54462,17.695279,29183,14742,14441,100,307777,89246,84321
4,100,300,3.00,409600,96116,69.339424,51563,16.448367,28400,14478,13922,100,313484,82097,80808
4,100,300,3.00,409600,92867,70.679721,51916,16.391093,28825,15038,13787,100,316733,80658,78813
4,100,300,3.00,409600,94519,70.001682,56440,17.912854,30545,15533,15012,100,315081,87070,84250
4,100,300,3.00,409600,102441,66.648869,59156,19.259081,31148,15120,16028,100,307159,96858,95804
4,100,300,3.00,409600,106979,64.649182,51770,17.107207,32290,15005,17285,100,302621,86056,86645
4,100,299,2.99,291782,135937,12.774231,22170,14.225673,37484,12742,24742,100,155845,62006,60259
8,100,304,3.04,827384,233511,60.679977,76060,12.807452,38159,12486,25673,100,593873,134846,133890
8,100,300,3.00,819200,230467,60.853732,103543,17.587429,60961,28457,32504,100,588733,179957,184128
8,100,300,3.00,819200,213347,64.785682,101675,16.782124,61471,30683,30788,100,605853,167691,169193
8,100,300,3.00,819200,212455,64.984466,110254,18.171390,65693,31403,34290,100,606745,178866,180990
8,100,300,3.00,819200,301542,41.748799,84572,16.337427,93616,39055,54561,100,517658,172416,172485
8,100,304,3.04,827384,232729,60.863190,83454,14.034020,34258,11377,22881,100,594655,149190,148337
8,100,300,3.00,819200,228520,61.312386,113041,19.137435,56263,26602,29661,100,590680,197629,198733
8,100,300,3.00,819200,210440,65.431369,111600,18.332348,53707,27452,26255,100,608760,187324,181952
8,100,300,3.00,819200,224436,62.264697,118441,19.913949,59640,30125,29515,100,594764,202601,195104
8,100,300,3.00,819200,297238,43.053709,92003,17.626379,78489,33792,44697,100,521962,192745,183304
8,100,304,3.04,827384,230360,61.415286,85501,14.321200,32663,11332,21331,100,597024,150337,150329
8,100,300,3.00,819200,235868,59.565393,114496,19.627931,56823,27253,29570,100,583332,201450,206644
8,100,300,3.00,819200,204753,66.676866,113649,18.496144,53316,26207,27109,100,614447,182021,188482
8,100,300,3.00,819200,212707,64.928367,120914,19.936586,51649,25190,26459,100,606493,197680,209609
8,100,300,3.00,819200,233795,60.062692,107180,18.308692,55394,23870,31524,100,585405,185814,201829
8,100,304,3.04,827384,228058,61.947588,89839,14.990005,19608,8017,11591,100,599326,161441,161953
8,100,300,3.00,819200,234309,59.939715,121373,20.751388,43436,22465,20971,100,584891,219821,216928
8,100,300,3.00,819200,209099,65.727150,118471,19.418260,47448,25396,22052,100,610101,196641,198364
8,100,300,3.00,819200,220908,63.076892,125531,20.981561,52335,27347,24988,100,598292,215393,212508
8,100,300,3.00,819200,244674,57.412893,113524,19.759593,49440,24762,24678,100,574526,213418,203173
8,100,304,3.04,827384,229792,61.547009,88802,14.859971,32508,11307,21201,100,597592,157560,158271
8,100,300,3.00,819200,232089,60.469315,119229,20.307744,46789,23619,23170,100,587111,214413,212310
8,100,300,3.00,819200,206327,66.334461,118478,19.331574,43449,22794,20655,100,612873,197316,193526
8,100,300,3.00,819200,221647,62.907558,124575,20.847523,42717,23208,19509,100,597553,215555,214268
8,100,300,3.00,819200,242194,58.025740,112253,19.454390,36425,19568,16857,100,577006,209317,212642
8,100,304,3.04,827384,231434,61.165534,86509,14.516151,36460,12527,23933,100,595950,153589,157531
8,100,300,3.00,819200,233661,60.094716,116138,19.834375,62164,30539,31625,100,585539,206736,203940
8,100,300,3.00,819200,209662,65.603129,115477,18.945004,58383,29876,28507,100,609538,191581,187451
8,100,300,3.00,819200,209389,65.663296,123304,20.220035,61177,30279,30898,100,609811,201992,205193
8,100,300,3.00,819200,239750,58.624558,107440,18.541721,66837,29340,37497,100,579450,193000,188501
8,100,304,3.04,827384,230500,61.382781,83856,14.048961,36112,12312,23800,100,596884,149586,147594
8,100,300,3.00,819200,233664,60.093999,113254,19.341936,61677,29224,32453,100,585536,200008,202373
8,100,300,3.00,819200,208750,65.803915,110402,18.085347,58222,28249,29973,100,610450,180982,187877
8,100,300,3.00,819200,219021,63.507387,119391,19.892565,60849,29147,31702,100,600179,201451,200761
8,100,300,3.00,819200,251974,55.577847,101017,17.808951,69265,28886,40379,100,567226,184341,189842
8,100,304,3.04,827384,230681,61.340734,75722,12.690065,37133,11655,25478,100,596703,135634,134278
8,100,300,3.00,819200,233335,60.172565,104225,17.789935,62122,28866,33256,100,585865,184449,179407
8,100,300,3.00,819200,210082,65.510459,100417,16.485640,60000,29565,30435,100,609118,166869,163580
8,100,300,3.00,819200,212864,64.893392,110083,18.155445,64683,31459,33224,100,606336,182177,177282
8,100,300,3.00,819200,262786,52.771497,93585,16.819311,74570,32359,42211,100,556414,176461,175736
16,100,303,3.03,1654768,619054,40.229252,153675,14.837590,100810,38276,62534,100,1035714,334351,338693
16,100,300,3.00,1638400,665050,31.674115,165217,16.974059,124499,56054,68445,100,973350,378965,384685
16,100,300,3.00,1638400,740638,17.501743,156371,17.417868,174440,70345,104095,100,897762,391815,389776
16,100,303,3.03,1654768,619307,40.190215,167464,16.172893,101035,40274,60761,100,1035461,366484,365846
16,100,300,3.00,1638400,661256,32.327681,181970,18.622639,138116,62530,75586,100,977144,417522,414517
16,100,300,3.00,1638400,745612,16.484989,168731,18.899336,173086,70296,102790,100,892788,436569,429703
16,100,303,3.03,1654768,619422,40.172464,171489,16.563448,105251,40958,64293,100,1035346,369645,378969
16,100,300,3.00,1638400,660681,32.426290,183677,18.786277,137566,60763,76803,100,977719,414419,426980
16,100,300,3.00,1638400,677227,29.541612,184543,19.199769,141606,58189,83417,100,961173,424381,452811
16,100,303,3.03,1654768,617570,40.457849,181111,17.461565,73154,34018,39136,100,1037198,402627,403413
16,100,300,3.00,1638400,664308,31.802335,192278,19.739203,131650,61882,69768,100,974092,442448,449744
16,100,300,3.00,1638400,690859,27.089276,193781,20.450936,146627,64694,81933,100,947541,462485,457548
16,100,303,3.03,1654768,617137,40.524425,178244,17.177976,72011,31652,40359,100,1037631,395338,396211
16,100,300,3.00,1638400,661511,32.283914,191760,19.629661,85774,47168,38606,100,976889,447560,439977
16,100,300,3.00,1638400,685571,28.048894,192253,20.177073,88880,47276,41604,100,952829,464387,462758
16,100,303,3.03,1654768,618704,40.283226,174201,16.813730,74743,31814,42929,100,1036064,388087,380933
16,100,300,3.00,1638400,655628,33.287884,187267,19.054979,73264,41314,31950,100,982772,436175,422616
16,100,300,3.00,1638400,680642,28.933823,187203,19.545960,68847,39145,29702,100,957758,448507,442294
16,100,303,3.03,1654768,621876,39.792737,168474,16.310902,107569,41529,66040,100,1032892,369348,367841
16,100,300,3.00,1638400,659318,32.659573,179978,18.382321,144841,62161,82680,100,979082,407558,421987
16,100,300,3.00,1638400,698752,25.636834,178094,18.953268,162392,66229,96163,100,939648,434968,430548
16,100,303,3.03,1654768,620780,39.962553,153664,14.861294,116283,41250,75033,100,1033988,336188,330162
16,100,300,3.00,1638400,666225,31.470671,163745,16.843161,156652,62956,93696,100,972175,373915,358056
16,100,300,3.00,1638400,695188,26.295679,166149,17.615234,172330,66344,105986,100,943212,396791,394465
32,100,303,3.03,3126057,1294184,29.351871,288627,15.755841,242552,103046,139506,100,1831873,685525,667483
32,100,300,3.00,2391425,1298770,-18.863685,189751,17.366049,285422,108936,176486,100,1092655,602605,636743
32,100,303,3.03,3096412,1257316,31.634020,316426,17.205518,216081,99389,116692,100,1839096,743334,723113
32,100,300,3.00,2424936,1337605,-23.017278,204867,18.841273,269819,108832,160987,100,1087331,695715,660329
32,100,303,3.03,3049186,1212092,34.021231,321638,17.507977,242170,105091,137079,100,1837094,721720,731042
32,100,300,3.00,2492156,1327728,-14.024053,222062,19.070479,259018,100662,158356,100,1164428,679820,706044
32,100,303,3.03,2895887,1052150,42.933835,339409,18.408754,173350,81113,92237,100,1843737,717499,779608
32,100,300,3.00,2374407,1242158,-9.707140,230275,20.337841,150054,79041,71013,100,1132249,723117,727289
32,100,303,3.03,2929990,1084046,41.274166,335961,18.199956,182708,87365,95343,100,1845944,722887,763342
32,100,300,3.00,2421734,1282973,-12.663939,229875,20.186413,168726,85391,83335,100,1138761,753591,733473
32,100,303,3.03,3045384,1208302,34.227106,326674,17.782222,221976,101198,120778,100,1837082,751700,744518
32,100,300,3.00,2390717,1235813,-7.005691,224263,19.418324,233517,101055,132462,100,1154904,677207,680488
32,100,303,3.03,3111680,1272995,30.766009,315743,17.172218,241301,105098,136203,100,1838685,745883,736265
32,100,300,3.00,2374356,1234324,-8.270996,215392,18.893505,240661,101890,138771,100,1140032,659932,669501
32,100,303,3.03,3195737,1365738,25.369467,286801,15.672194,278275,111363,166912,100,1829999,707185,650362
32,100,300,3.00,2379249,1240983,-9.023989,199578,17.533511,285002,103921,181081,100,1138266,608126,586246
64,100,303,3.03,5383824,2973724,-23.385918,394334,16.361728,625689,227152,398537,100,2410100,1334622,1277335
64,100,303,3.03,5302155,2896671,-20.419467,429881,17.870873,610430,230544,379886,100,2405484,1444187,1378103
64,100,303,3.03,5048835,2627832,-8.543112,438741,18.122282,573615,219440,354175,100,2421003,1359077,1433321
64,100,303,3.03,5015167,2604350,-8.027694,459051,19.041304,571000,221598,349402,100,2410817,1422385,1482440
64,100,303,3.03,4904720,2482839,-2.516969,456815,18.861992,527670,206769,320901,100,2421881,1375973,1467028
64,100,303,3.03,5152399,2732801,-12.944423,445268,18.402561,587526,224402,363124,100,2419598,1433848,1408912
64,100,303,3.03,5191768,2781411,-15.394151,430378,17.855363,584690,219823,364867,100,2410357,1404188,1417477
64,100,303,3.03,5353687,2939166,-21.728740,393683,16.304807,616010,216187,399823,100,2414521,1343499,1253163
128,100,303,3.03,9869186,7374554,-195.616909,409990,16.434889,1265050,421214,843836,100,2494632,2796810,2718827
128,100,303,3.03,10095881,7610188,-206.159610,446189,17.950286,1303490,445966,857524,100,2485693,3159579,2904698
128,100,303,3.03,9286585,6781851,-170.761326,455677,18.192630,1187884,421684,766200,100,2504734,2872585,3042070
128,100,303,3.03,8967959,6473958,-159.581211,477150,19.131909,1137093,414263,722830,100,2494001,2956806,3133168
128,100,303,3.03,9065762,6567267,-162.848915,472590,18.914987,1157774,421925,735849,100,2498495,2971566,3103781
128,100,303,3.03,9405255,6902861,-175.850286,461853,18.456446,1197550,425583,771967,100,2502394,3028645,2977361
128,100,303,3.03,9203350,6695926,-167.044026,449659,17.933106,1148322,401896,746426,100,2507424,2858877,3000926
128,100,303,3.03,10017916,7517763,-200.692118,410368,16.413715,1271661,400209,871452,100,2500153,2881806,2645843
